{
  "__version__": "1.0.0",
  "builder": {
    "taskOptionsMap": {},
    "__version__": "1.3.7"
  },
  "gizmos-infos": {
    "is2D": true,
    "is3DIcon": false,
    "iconSize": 2,
    "gridVisible": true,
    "gridColor": [
      166,
      166,
      166,
      255
    ],
    "transformToolName": "position",
    "pivot": "pivot",
    "coordinate": "local",
    "toolsVisibility3d": true
  },
  "snap-configs": {
    "position": {
      "x": 1,
      "y": 1,
      "z": 1
    },
    "rotation": 1,
    "scale": 1,
    "isPositionSnapEnabled": false,
    "isRotationSnapEnabled": false,
    "isScaleSnapEnabled": false
  },
  "rect-snap-configs": {
    "enableSnapping": true,
    "snapThreshold": 4
  },
  "float-window": {
    "position": {
      "cc": {
        "Camera": {
          "dock": false,
          "top": null,
          "bottom": 10,
          "left": null,
          "right": 10
        }
      }
    }
  },
  "camera-infos": {
    "9cf6c3b4-d358-4bb7-b7e4-c4cf525e5a20": {
      "position": {
        "x": 373.8666163345206,
        "y": 1188.647498370547,
        "z": 5000
      },
      "rotation": {
        "x": 0,
        "y": 0,
        "z": 0,
        "w": 1
      },
      "viewCenter": {
        "x": 0,
        "y": 0,
        "z": 0
      },
      "contentRect": {
        "x": -2877.409334973616,
        "y": -1278.216893095491,
        "width": 1760.820208023774,
        "height": 1336
      },
      "scale": 0.2707891047075404
    },
    "6eb5011b-508b-4251-8f50-717a2609a6e6": {
      "position": {
        "x": -1.316949550261711,
        "y": -1.2039694263850151,
        "z": 5000
      },
      "rotation": {
        "x": 0,
        "y": 0,
        "z": 0,
        "w": 1
      },
      "viewCenter": {
        "x": 0,
        "y": 0,
        "z": 0
      },
      "contentRect": {
        "x": -3.075418075701249,
        "y": -2.5381851170510705,
        "width": 0,
        "height": 0
      },
      "scale": 500.6686734935144
    },
    "94956ad0-46c1-4aa5-b858-36ae93bfc0df": {
      "position": {
        "x": 3139.1008459227182,
        "y": 2126.5261628511876,
        "z": 5000
      },
      "rotation": {
        "x": 0,
        "y": 0,
        "z": 0,
        "w": 1
      },
      "viewCenter": {
        "x": 0,
        "y": 0,
        "z": 0
      },
      "contentRect": {
        "x": 1815.7022926723546,
        "y": 1122.414295503392,
        "width": 1280,
        "height": 720
      },
      "scale": 0.6652645205403432
    },
    "d67706ea-6d1f-4739-975b-ba0de09114c2": {
      "position": {
        "x": 363.1358145980694,
        "y": 182.73562908378403,
        "z": 5000
      },
      "rotation": {
        "x": 0,
        "y": 0,
        "z": 0,
        "w": 1
      },
      "viewCenter": {
        "x": 0,
        "y": 0,
        "z": 0
      },
      "contentRect": {
        "x": -169.84067876548144,
        "y": -117.06364843321317,
        "width": 100,
        "height": 100
      },
      "scale": 1.2008034274852102
    },
    "fdc18371-c690-422f-92da-da9ce506b92a": {
      "position": {
        "x": -2308.8834244393374,
        "y": 868.772125890762,
        "z": 5000
      },
      "rotation": {
        "x": 0,
        "y": 0,
        "z": 0,
        "w": 1
      },
      "viewCenter": {
        "x": 0,
        "y": 0,
        "z": 0
      },
      "contentRect": {
        "x": -2413.7096719910305,
        "y": 763.9458783390693,
        "width": 600,
        "height": 400
      },
      "scale": 0.47697977527377944
    },
    "7cdf2e48-0ef0-430b-b967-15701420ad0e": {
      "position": {
        "x": 769.4886728079032,
        "y": 647.7886375407743,
        "z": 5000
      },
      "rotation": {
        "x": 0,
        "y": 0,
        "z": 0,
        "w": 1
      },
      "viewCenter": {
        "x": 0,
        "y": 0,
        "z": 0
      },
      "contentRect": {
        "x": 142.28495789543857,
        "y": 171.9057738022301,
        "width": 1760.820208023774,
        "height": 1336
      },
      "scale": 1.4037067751340746
    },
    "de2742cd-4a56-490b-877c-94f82041d271": {
      "position": {
        "x": 178.98668336341166,
        "y": 58.49923011780413,
        "z": 5000
      },
      "rotation": {
        "x": 0,
        "y": 0,
        "z": 0,
        "w": 1
      },
      "viewCenter": {
        "x": 0,
        "y": 0,
        "z": 0
      },
      "contentRect": {
        "x": 178.98668336341166,
        "y": 58.49923011780413,
        "width": 0,
        "height": 0
      },
      "scale": 1
    },
    "5a88d111-bdb6-4902-beca-2ec00d6b32cf": {
      "position": {
        "x": 7741.232769418347,
        "y": 3562.635736455519,
        "z": 5000
      },
      "rotation": {
        "x": 0,
        "y": 0,
        "z": 0,
        "w": 1
      },
      "viewCenter": {
        "x": 0,
        "y": 0,
        "z": 0
      },
      "contentRect": {
        "x": 7229.993024137126,
        "y": 3051.395991174298,
        "width": 1280,
        "height": 720
      },
      "scale": 0.097801472717064
    },
    "aa892cb4-1038-4968-92bf-f654a53c05f4": {
      "position": {
        "x": 1019.6674284205967,
        "y": 520.0742866356413,
        "z": 5000
      },
      "rotation": {
        "x": 0,
        "y": 0,
        "z": 0,
        "w": 1
      },
      "viewCenter": {
        "x": 0,
        "y": 0,
        "z": 0
      },
      "contentRect": {
        "x": 981.3557485772941,
        "y": 481.76260679233854,
        "width": 50,
        "height": 50
      },
      "scale": 0.6525425171188428
    },
    "cf2b425d-fccd-43dc-bde2-424b342468cc": {
      "position": {
        "x": 640,
        "y": 360,
        "z": 5000
      },
      "rotation": {
        "x": 0,
        "y": 0,
        "z": 0,
        "w": 1
      },
      "viewCenter": {
        "x": 0,
        "y": 0,
        "z": 0
      },
      "contentRect": {
        "x": 615,
        "y": 335,
        "width": 72,
        "height": 56
      },
      "scale": 1
    },
    "9cc9d5c2-f9cc-46cc-bb87-6a308fc59888": {
      "position": {
        "x": 64,
        "y": 72,
        "z": 5000
      },
      "rotation": {
        "x": 0,
        "y": 0,
        "z": 0,
        "w": 1
      },
      "viewCenter": {
        "x": 0,
        "y": 0,
        "z": 0
      },
      "contentRect": {
        "x": 14,
        "y": 22,
        "width": 100,
        "height": 100
      },
      "scale": 1
    },
    "64477de2-ae56-435a-a9ac-9c8649f0af19": {
      "position": {
        "x": 50,
        "y": 50,
        "z": 5000
      },
      "rotation": {
        "x": 0,
        "y": 0,
        "z": 0,
        "w": 1
      },
      "viewCenter": {
        "x": 0,
        "y": 0,
        "z": 0
      },
      "contentRect": {
        "x": 32,
        "y": 36,
        "width": 100,
        "height": 100
      },
      "scale": 1
    },
    "8cf7ab73-3647-4763-a24d-b54da68de667": {
      "position": {
        "x": -313.5163906302285,
        "y": -217.15432961741115,
        "z": 5000
      },
      "rotation": {
        "x": 0,
        "y": 0,
        "z": 0,
        "w": 1
      },
      "viewCenter": {
        "x": 0,
        "y": 0,
        "z": 0
      },
      "contentRect": {
        "x": -320.1506021080384,
        "y": -222.31427187792997,
        "width": 36,
        "height": 28
      },
      "scale": 2.713208654895344
    },
    "c77ecaa8-c936-46c4-a5b0-98692673ed87": {
      "position": {
        "x": 2051.8590172813488,
        "y": 2967.0948175046115,
        "z": 5000
      },
      "rotation": {
        "x": 0,
        "y": 0,
        "z": 0,
        "w": 1
      },
      "viewCenter": {
        "x": 0,
        "y": 0,
        "z": 0
      },
      "contentRect": {
        "x": 401.2887189292543,
        "y": 184.00000000000006,
        "width": 1280,
        "height": 720
      },
      "scale": 1
    },
    "61c63004-ea0b-41fd-985f-0c01155fe7bd": {
      "position": {
        "x": 793.9195990673637,
        "y": 333.9884634943772,