{
  "__version__": "1.0.0",
  "builder": {},
  "gizmos-infos": {
    "is2D": true,
    "is3DIcon": false,
    "iconSize": 2,
    "gridVisible": true,
    "gridColor": [
      166,
      166,
      166,
      255
    ],
    "transformToolName": "position",
    "pivot": "pivot",
    "coordinate": "local",
    "toolsVisibility3d": true
  },
  "snap-configs": {
    "position": {
      "x": 1,
      "y": 1,
      "z": 1
    },
    "rotation": 1,
    "scale": 1,
    "isPositionSnapEnabled": false,
    "isRotationSnapEnabled": false,
    "isScaleSnapEnabled": false
  },
  "rect-snap-configs": {
    "enableSnapping": true,
    "snapThreshold": 4
  },
  "float-window": {
    "position": {
      "cc": {
        "Camera": {
          "dock": false,
          "top": null,
          "bottom": 10,
          "left": null,
          "right": 10
        }
      }
    }
  },
  "camera-infos": {
    "61c63004-ea0b-41fd-985f-0c01155fe7bd": {
      "position": {
        "x": 612,
        "y": 182,
        "z": 5000
      },
      "rotation": {
        "x": 0,
        "y": 0,
        "z": 0,
        "w": 1
      },
      "viewCenter": {
        "x": 0,
        "y": 0,
        "z": 0
      },
      "contentRect": {
        "x": 612,
        "y": 182,
        "width": 0,
        "height": 0
      },
      "scale": 1
    },
    "9cf6c3b4-d358-4bb7-b7e4-c4cf525e5a20": {
      "position": {
        "x": 373.8666163345206,
        "y": 1188.647498370547,
        "z": 5000
      },
      "rotation": {
        "x": 0,
        "y": 0,
        "z": 0,
        "w": 1
      },
      "viewCenter": {
        "x": 0,
        "y": 0,
        "z": 0
      },
      "contentRect": {
        "x": -2877.409334973616,
        "y": -1278.216893095491,
        "width": 1760.820208023774,
        "height": 1336
      },
      "scale": 0.2707891047075404
    },
    "6eb5011b-508b-4251-8f50-717a2609a6e6": {
      "position": {
        "x": -1.316949550261711,
        "y": -1.2039694263850151,
        "z": 5000
      },
      "rotation": {
        "x": 0,
        "y": 0,
        "z": 0,
        "w": 1
      },
      "viewCenter": {
        "x": 0,
        "y": 0,
        "z": 0
      },
      "contentRect": {
        "x": -3.075418075701249,
        "y": -2.5381851170510705,
        "width": 0,
        "height": 0
      },
      "scale": 500.6686734935144
    },
    "517a04b2-60a4-4602-8f75-40c35c7ed447": {
      "position": {
        "x": 689.166122123562,
        "y": 449.6996493459786,
        "z": 5000
      },
      "rotation": {
        "x": 0,
        "y": 0,
        "z": 0,
        "w": 1
      },
      "viewCenter": {
        "x": 0,
        "y": 0,
        "z": 0
      },
      "contentRect": {
        "x": 390.1813711209475,
        "y": 281.5207269070079,
        "width": 515.5555555555555,
        "height": 290
      },
      "scale": 0.8621770070659007
    },
    "94956ad0-46c1-4aa5-b858-36ae93bfc0df": {
      "position": {
        "x": 3139.1008459227182,
        "y": 2126.5261628511876,
        "z": 5000
      },
      "rotation": {
        "x": 0,
        "y": 0,
        "z": 0,
        "w": 1
      },
      "viewCenter": {
        "x": 0,
        "y": 0,
        "z": 0
      },
      "contentRect": {
        "x": 1815.7022926723546,
        "y": 1122.414295503392,
        "width": 1280,
        "height": 720
      },
      "scale": 0.6652645205403432
    },
    "d67706ea-6d1f-4739-975b-ba0de09114c2": {
      "position": {
        "x": 363.1358145980694,
        "y": 182.73562908378403,
        "z": 5000
      },
      "rotation": {
        "x": 0,
        "y": 0,
        "z": 0,
        "w": 1
      },
      "viewCenter": {
        "x": 0,
        "y": 0,
        "z": 0
      },
      "contentRect": {
        "x": -169.84067876548144,
        "y": -117.06364843321317,
        "width": 100,
        "height": 100
      },
      "scale": 1.2008034274852102
    },
    "fdc18371-c690-422f-92da-da9ce506b92a": {
      "position": {
        "x": -2308.8834244393374,
        "y": 868.772125890762,
        "z": 5000
      },
      "rotation": {
        "x": 0,
        "y": 0,
        "z": 0,
        "w": 1
      },
      "viewCenter": {
        "x": 0,
        "y": 0,
        "z": 0
      },
      "contentRect": {
        "x": -2413.7096719910305,
        "y": 763.9458783390693,
        "width": 600,
        "height": 400
      },
      "scale": 0.47697977527377944
    },
    "49ff0597-d242-4e4e-84f1-dd97d929ec11": {
      "position": {
        "x": -3157.89818512891,
        "y": -3786.9047792329366,
        "z": 5000
      },
      "rotation": {
        "x": 0,
        "y": 0,
        "z": 0,
        "w": 1
      },
      "viewCenter": {
        "x": 0,
        "y": 0,
        "z": 0
      },
      "contentRect": {
        "x": -5050.20209715942,
        "y": -4941.789683644607,
        "width": 800,
        "height": 400
      },
      "scale": 0.33821205776257
    },
    "375ca047-f303-421d-b195-8c8efe8eb927": {
      "position": {
        "x": 844.4034045812213,
        "y": 608.9764084639575,
        "z": 5000
      },
      "rotation": {
        "x": 0,
        "y": 0,
        "z": 0,
        "w": 1
      },
      "viewCenter": {
        "x": 0,
        "y": 0,
        "z": 0
      },
      "contentRect": {
        "x": 380.1647075316398,
        "y": 507.11579141566057,
        "width": 1006.3153677926936,
        "height": 220.80000000000007
      },
      "scale": 1.083833999824036
    },
    "7cdf2e48-0ef0-430b-b967-15701420ad0e": {
      "position": {
        "x": 769.4886728079032,
        "y": 647.7886375407743,
        "z": 5000
      },
      "rotation": {
        "x": 0,
        "y": 0,
        "z": 0,
        "w": 1
      },
      "viewCenter": {
        "x": 0,
        "y": 0,
        "z": 0
      },
      "contentRect": {
        "x": 142.28495789543857,
        "y": 171.9057738022301,
        "width": 1760.820208023774,
        "height": 1336
      },
      "scale": 1.4037067751340746
    },
    "f70b314a-83c3-4322-a2eb-b928d3237be3": {
      "position": {
        "x": 834.7572584877944,
        "y": 490.1119306235373,
        "z": 5000
      },
      "rotation": {
        "x": 0,
        "y": 0,
        "z": 0,
        "w": 1
      },
      "viewCenter": {
        "x": 0,
        "y": 0,
        "z": 0
      },
      "contentRect": {
        "x": 378.78877636582916,
        "y": 144.15162795377105,
        "width": 1760.820208023774,
        "height": 1336
      },
      "scale": 1.9308573696029925
    },
    "de2742cd-4a56-490b-877c-94f82041d271": {
      "position": {
        "x": 178.98668336341166,
        "y": 58.49923011780413,
        "z": 5000
      },
      "rotation": {
        "x": 0,
        "y": 0,
        "z": 0,
        "w": 1
      },
      "viewCenter": {
        "x": 0,
        "y": 0,
        "z": 0
      },
      "contentRect": {
        "x": 178.98668336341166,
        "y": 58.49923011780413,
        "width": 0,
        "height": 0
      },
      "scale": 1
    },
    "5a88d111-bdb6-4902-beca-2ec00d6b32cf": {
      "position": {
        "x": 7741.232769418347,
        "y": 3562.635736455519,
        "z": 5000
      },
      "rotation": {
        "x": 0,
        "y": 0,
        "z": 0,
        "w": 1
      },
      "viewCenter": {
        "x": 0,
        "y": 0,
        "z": 0
      },
      "contentRect": {
        "x": 7229.993024137126,
        "y": 3051.395991174298,
        "width": 1280,
        "height": 720
      },
      "scale": 0.097801472717064
    },
    "aa892cb4-1038-4968-92bf-f654a53c05f4": {
      "position": {
        "x": 1019.6674284205967,
        "y": 520.0742866356413,
        "z": 5000
      },
      "rotation": {
        "x": 0,
        "y": 0,
        "z": 0,
        "w": 1
      },
      "viewCenter": {
        "x": 0,
        "y": 0,
        "z": 0
      },
      "contentRect": {
        "x": 981.3557485772941,
        "y": 481.76260679233854,
        "width": 50,
        "height": 50
      },